create sequence PuestoSeq start with 2 increment by 1 nomaxvalue; 

create trigger PuestoSeqIncrement
before insert on Proyecto_adm.Puesto
for each row
   begin
     select PuestoSeq.nextval into :new.id_Puesto from dual;
   end;
   
   
   
   ALTER TABLE CLIENTEDIRECCION ADD CONSTRAINT FK_Id_Distrito FOREIGN KEY (Id_Provincia, Id_Canton, Id_Distrito) REFERENCES distrito (Id_Provincia, Id_Canton, Id_Distrito);
   
   
   
insert into proyecto_adm.provincia (id_provincia,nombre) values (1,'San Jose');
insert into proyecto_adm.canton (id_provincia,id_canton,nombre) values (1,1,'San José');
insert into proyecto_adm.distrito (id_provincia,id_canton,id_distrito,nombre) values (1,1,1,'Catedral');
insert into proyecto_adm.distrito (id_provincia,id_canton,id_distrito,nombre) values (1,1,2,'Carmen');
insert into proyecto_adm.distrito (id_provincia,id_canton,id_distrito,nombre) values (1,1,3,'Hatillo');
insert into proyecto_adm.distrito (id_provincia,id_canton,id_distrito,nombre) values (1,1,4,'Hospital');
insert into proyecto_adm.distrito (id_provincia,id_canton,id_distrito,nombre) values (1,1,5,'Uruca');
insert into proyecto_adm.distrito (id_provincia,id_canton,id_distrito,nombre) values (1,1,6,'Mata Redonda');
insert into proyecto_adm.distrito (id_provincia,id_canton,id_distrito,nombre) values (1,1,7,'Zapote');
insert into proyecto_adm.distrito (id_provincia,id_canton,id_distrito,nombre) values (1,1,8,'San Fra. 2 Ríos');
insert into proyecto_adm.distrito (id_provincia,id_canton,id_distrito,nombre) values (1,1,9,'La Uruca');
insert into proyecto_adm.distrito (id_provincia,id_canton,id_distrito,nombre) values (1,1,10,'Pavas');
insert into proyecto_adm.distrito (id_provincia,id_canton,id_distrito,nombre) values (1,1,11,'San Sebastián');
insert into proyecto_adm.canton (id_provincia,id_canton,nombre) values (1,2,'Escazú');
insert into proyecto_adm.distrito (id_provincia,id_canton,id_distrito,nombre) values (1,2,1,'Escazú');
insert into proyecto_adm.distrito (id_provincia,id_canton,id_distrito,nombre) values (1,2,2,'San Antonio');
insert into proyecto_adm.distrito (id_provincia,id_canton,id_distrito,nombre) values (1,2,3,'San Rafael');
insert into proyecto_adm.canton (id_provincia,id_canton,nombre) values (1,3,'Desamparados');
insert into proyecto_adm.distrito (id_provincia,id_canton,id_distrito,nombre) values (1,3,1,'Desamparados');
insert into proyecto_adm.distrito (id_provincia,id_canton,id_distrito,nombre) values (1,3,2,'San Miguel');
insert into proyecto_adm.distrito (id_provincia,id_canton,id_distrito,nombre) values (1,3,3,'San Juan de Dios');
insert into proyecto_adm.distrito (id_provincia,id_canton,id_distrito,nombre) values (1,3,4,'San Rafael Arriba');
insert into proyecto_adm.distrito (id_provincia,id_canton,id_distrito,nombre) values (1,3,5,'San Antonio');
insert into proyecto_adm.canton (id_provincia,id_canton,nombre) values (1,4,'Puriscal');
insert into proyecto_adm.distrito (id_provincia,id_canton,id_distrito,nombre) values (1,4,1,'Santiago');
insert into proyecto_adm.distrito (id_provincia,id_canton,id_distrito,nombre) values (1,4,2,'Mercedes Sur');
insert into proyecto_adm.distrito (id_provincia,id_canton,id_distrito,nombre) values (1,4,3,'Barbacoas');
insert into proyecto_adm.distrito (id_provincia,id_canton,id_distrito,nombre) values (1,4,4,'Grifo Alto');
insert into proyecto_adm.distrito (id_provincia,id_canton,id_distrito,nombre) values (1,4,5,'San Rafael');
insert into proyecto_adm.canton (id_provincia,id_canton,nombre) values (1,5,'Tarrazú');
insert into proyecto_adm.distrito (id_provincia,id_canton,id_distrito,nombre) values (1,5,1,'San Marcos');
insert into proyecto_adm.distrito (id_provincia,id_canton,id_distrito,nombre) values (1,5,2,'San Lorenzo');
insert into proyecto_adm.distrito (id_provincia,id_canton,id_distrito,nombre) values (1,5,3,'San Carlos');
insert into proyecto_adm.canton (id_provincia,id_canton,nombre) values (1,6,'Aserrí');
insert into proyecto_adm.distrito (id_provincia,id_canton,id_distrito,nombre) values (1,6,1,'Aserrí');
insert into proyecto_adm.distrito (id_provincia,id_canton,id_distrito,nombre) values (1,6,2,'Tarbaca');
insert into proyecto_adm.distrito (id_provincia,id_canton,id_distrito,nombre) values (1,6,3,'Vuelta de Jorco');
insert into proyecto_adm.distrito (id_provincia,id_canton,id_distrito,nombre) values (1,6,4,'San Gabriel');
insert into proyecto_adm.distrito (id_provincia,id_canton,id_distrito,nombre) values (1,6,5,'Legua');
insert into proyecto_adm.canton (id_provincia,id_canton,nombre) values (1,7,'Mora');
insert into proyecto_adm.distrito (id_provincia,id_canton,id_distrito,nombre) values (1,7,1,'Ciudad Colón');
insert into proyecto_adm.distrito (id_provincia,id_canton,id_distrito,nombre) values (1,7,2,'Guayabo');
insert into proyecto_adm.distrito (id_provincia,id_canton,id_distrito,nombre) values (1,7,3,'Tabarcia');
insert into proyecto_adm.distrito (id_provincia,id_canton,id_distrito,nombre) values (1,7,4,'Piedras Negras');
insert into proyecto_adm.distrito (id_provincia,id_canton,id_distrito,nombre) values (1,7,5,'Picagres');
insert into proyecto_adm.canton (id_provincia,id_canton,nombre) values (1,8,'Goicoechea');
insert into proyecto_adm.distrito (id_provincia,id_canton,id_distrito,nombre) values (1,8,1,'Guadalupe');
insert into proyecto_adm.distrito (id_provincia,id_canton,id_distrito,nombre) values (1,8,2,'San Francisco');
insert into proyecto_adm.distrito (id_provincia,id_canton,id_distrito,nombre) values (1,8,3,'Calle Blancos');
insert into proyecto_adm.distrito (id_provincia,id_canton,id_distrito,nombre) values (1,8,4,'Mata de Plátano');
insert into proyecto_adm.canton (id_provincia,id_canton,nombre) values (1,9,'Santa Ana');
insert into proyecto_adm.distrito (id_provincia,id_canton,id_distrito,nombre) values (1,9,1,'Santa Ana');
insert into proyecto_adm.distrito (id_provincia,id_canton,id_distrito,nombre) values (1,9,2,'Salitral');
insert into proyecto_adm.distrito (id_provincia,id_canton,id_distrito,nombre) values (1,9,3,'Piedades');
insert into proyecto_adm.distrito (id_provincia,id_canton,id_distrito,nombre) values (1,9,4,'Brasil');
insert into proyecto_adm.canton (id_provincia,id_canton,nombre) values (1,10,'Alajuelita');
insert into proyecto_adm.distrito (id_provincia,id_canton,id_distrito,nombre) values (1,10,1,'Alajuelita');
insert into proyecto_adm.distrito (id_provincia,id_canton,id_distrito,nombre) values (1,10,2,'San Josecito');
insert into proyecto_adm.distrito (id_provincia,id_canton,id_distrito,nombre) values (1,10,3,'San Antonio');
insert into proyecto_adm.distrito (id_provincia,id_canton,id_distrito,nombre) values (1,10,4,'Concepción');
insert into proyecto_adm.canton (id_provincia,id_canton,nombre) values (1,11,'Vázquez de Coronado');
insert into proyecto_adm.distrito (id_provincia,id_canton,id_distrito,nombre) values (1,11,1,'San Isidro');
insert into proyecto_adm.distrito (id_provincia,id_canton,id_distrito,nombre) values (1,11,2,'San Rafael');
insert into proyecto_adm.distrito (id_provincia,id_canton,id_distrito,nombre) values (1,11,3,'Dulce Nombre');
insert into proyecto_adm.distrito (id_provincia,id_canton,id_distrito,nombre) values (1,11,4,'Patalillo');
insert into proyecto_adm.distrito (id_provincia,id_canton,id_distrito,nombre) values (1,11,5,'Cascajal');
insert into proyecto_adm.canton (id_provincia,id_canton,nombre) values (1,12,'Acosta');
insert into proyecto_adm.distrito (id_provincia,id_canton,id_distrito,nombre) values (1,12,1,'San Ignacio');
insert into proyecto_adm.distrito (id_provincia,id_canton,id_distrito,nombre) values (1,12,2,'Guaitil');
insert into proyecto_adm.distrito (id_provincia,id_canton,id_distrito,nombre) values (1,12,3,'Palmichal');
insert into proyecto_adm.distrito (id_provincia,id_canton,id_distrito,nombre) values (1,12,4,'Cangrejal');
insert into proyecto_adm.canton (id_provincia,id_canton,nombre) values (1,13,'Tibás');
insert into proyecto_adm.distrito (id_provincia,id_canton,id_distrito,nombre) values (1,13,1,'San Juan');
insert into proyecto_adm.distrito (id_provincia,id_canton,id_distrito,nombre) values (1,13,2,'Cinco Esquinas');
insert into proyecto_adm.distrito (id_provincia,id_canton,id_distrito,nombre) values (1,13,3,'Anselmo Llorente');
insert into proyecto_adm.distrito (id_provincia,id_canton,id_distrito,nombre) values (1,13,4,'León XIII');
insert into proyecto_adm.distrito (id_provincia,id_canton,id_distrito,nombre) values (1,13,5,'Colima');
insert into proyecto_adm.canton (id_provincia,id_canton,nombre) values (1,14,'Moravia');
insert into proyecto_adm.distrito (id_provincia,id_canton,id_distrito,nombre) values (1,14,1,'San Vicente');
insert into proyecto_adm.distrito (id_provincia,id_canton,id_distrito,nombre) values (1,14,2,'La Trinidad');
insert into proyecto_adm.distrito (id_provincia,id_canton,id_distrito,nombre) values (1,14,3,'San Jerónimo');
insert into proyecto_adm.canton (id_provincia,id_canton,nombre) values (1,15,'Montes de Oca');
insert into proyecto_adm.distrito (id_provincia,id_canton,id_distrito,nombre) values (1,15,1,'San Pedro');
insert into proyecto_adm.distrito (id_provincia,id_canton,id_distrito,nombre) values (1,15,2,'Sabanilla');
insert into proyecto_adm.distrito (id_provincia,id_canton,id_distrito,nombre) values (1,15,3,'Mercedes');
insert into proyecto_adm.canton (id_provincia,id_canton,nombre) values (1,16,'Turrubares');
insert into proyecto_adm.distrito (id_provincia,id_canton,id_distrito,nombre) values (1,16,1,'San Juan de Mata');
insert into proyecto_adm.distrito (id_provincia,id_canton,id_distrito,nombre) values (1,16,2,'San Luis');
insert into proyecto_adm.distrito (id_provincia,id_canton,id_distrito,nombre) values (1,16,3,'Carara');
insert into proyecto_adm.canton (id_provincia,id_canton,nombre) values (1,17,'Dota');
insert into proyecto_adm.distrito (id_provincia,id_canton,id_distrito,nombre) values (1,17,1,'Santa María');
insert into proyecto_adm.distrito (id_provincia,id_canton,id_distrito,nombre) values (1,17,2,'Jardín');
insert into proyecto_adm.distrito (id_provincia,id_canton,id_distrito,nombre) values (1,17,3,'Copey');
insert into proyecto_adm.canton (id_provincia,id_canton,nombre) values (1,18,'Curridabat');
insert into proyecto_adm.distrito (id_provincia,id_canton,id_distrito,nombre) values (1,18,1,'Curridabat');
insert into proyecto_adm.distrito (id_provincia,id_canton,id_distrito,nombre) values (1,18,2,'Granadilla');
insert into proyecto_adm.distrito (id_provincia,id_canton,id_distrito,nombre) values (1,18,3,'Sánchez');
insert into proyecto_adm.distrito (id_provincia,id_canton,id_distrito,nombre) values (1,18,4,'Tirrases');
insert into proyecto_adm.provincia (id_provincia,nombre) values (2,'Alajuela');
insert into proyecto_adm.canton (id_provincia,id_canton,nombre) values (2,1,'Alajuela');
insert into proyecto_adm.distrito (id_provincia,id_canton,id_distrito,nombre) values (2,1,1,'Alajuela');
insert into proyecto_adm.distrito (id_provincia,id_canton,id_distrito,nombre) values (2,1,2,'San José');
insert into proyecto_adm.distrito (id_provincia,id_canton,id_distrito,nombre) values (2,1,3,'Carrizal');
insert into proyecto_adm.distrito (id_provincia,id_canton,id_distrito,nombre) values (2,1,4,'San Antonio');
insert into proyecto_adm.distrito (id_provincia,id_canton,id_distrito,nombre) values (2,1,5,'Guácima');
insert into proyecto_adm.distrito (id_provincia,id_canton,id_distrito,nombre) values (2,1,6,'San Isidro');
insert into proyecto_adm.distrito (id_provincia,id_canton,id_distrito,nombre) values (2,1,7,'Sabanilla');
insert into proyecto_adm.distrito (id_provincia,id_canton,id_distrito,nombre) values (2,1,8,'Río Segundo');
insert into proyecto_adm.distrito (id_provincia,id_canton,id_distrito,nombre) values (2,1,9,'Desamparados');
insert into proyecto_adm.canton (id_provincia,id_canton,nombre) values (2,2,'San Ramón');
insert into proyecto_adm.distrito (id_provincia,id_canton,id_distrito,nombre) values (2,2,1,'San Ramón');
insert into proyecto_adm.distrito (id_provincia,id_canton,id_distrito,nombre) values (2,2,2,'Santiago');
insert into proyecto_adm.distrito (id_provincia,id_canton,id_distrito,nombre) values (2,2,3,'San Juan');
insert into proyecto_adm.distrito (id_provincia,id_canton,id_distrito,nombre) values (2,2,4,'Piedades Norte');
insert into proyecto_adm.distrito (id_provincia,id_canton,id_distrito,nombre) values (2,2,5,'Piedades Sur');
insert into proyecto_adm.distrito (id_provincia,id_canton,id_distrito,nombre) values (2,2,6,'San Rafael');
insert into proyecto_adm.distrito (id_provincia,id_canton,id_distrito,nombre) values (2,2,7,'San Isidro');
insert into proyecto_adm.distrito (id_provincia,id_canton,id_distrito,nombre) values (2,2,8,'Ángeles');
insert into proyecto_adm.distrito (id_provincia,id_canton,id_distrito,nombre) values (2,2,9,'Alfaro');
insert into proyecto_adm.canton (id_provincia,id_canton,nombre) values (2,3,'Grecia');
insert into proyecto_adm.distrito (id_provincia,id_canton,id_distrito,nombre) values (2,3,1,'Grecia');
insert into proyecto_adm.distrito (id_provincia,id_canton,id_distrito,nombre) values (2,3,2,'San Isidro');
insert into proyecto_adm.distrito (id_provincia,id_canton,id_distrito,nombre) values (2,3,3,'San José');
insert into proyecto_adm.distrito (id_provincia,id_canton,id_distrito,nombre) values (2,3,4,'San Roque');
insert into proyecto_adm.distrito (id_provincia,id_canton,id_distrito,nombre) values (2,3,5,'Tacares');
insert into proyecto_adm.distrito (id_provincia,id_canton,id_distrito,nombre) values (2,3,6,'Río Cuarto');
insert into proyecto_adm.distrito (id_provincia,id_canton,id_distrito,nombre) values (2,3,7,'Puente de Piedra');
insert into proyecto_adm.distrito (id_provincia,id_canton,id_distrito,nombre) values (2,3,8,'Bolívar');
insert into proyecto_adm.canton (id_provincia,id_canton,nombre) values (2,4,'San Mateo');
insert into proyecto_adm.distrito (id_provincia,id_canton,id_distrito,nombre) values (2,4,1,'San Mateo');
insert into proyecto_adm.distrito (id_provincia,id_canton,id_distrito,nombre) values (2,4,2,'Desmonte');
insert into proyecto_adm.distrito (id_provincia,id_canton,id_distrito,nombre) values (2,4,3,'Jesús María');
insert into proyecto_adm.distrito (id_provincia,id_canton,id_distrito,nombre) values (2,4,4,'Labrador');
insert into proyecto_adm.canton (id_provincia,id_canton,nombre) values (2,5,'Atenas');
insert into proyecto_adm.distrito (id_provincia,id_canton,id_distrito,nombre) values (2,5,1,'Atenas');
insert into proyecto_adm.distrito (id_provincia,id_canton,id_distrito,nombre) values (2,5,2,'Jesús');
insert into proyecto_adm.distrito (id_provincia,id_canton,id_distrito,nombre) values (2,5,3,'Mercedes');
insert into proyecto_adm.distrito (id_provincia,id_canton,id_distrito,nombre) values (2,5,4,'San Isidro');
insert into proyecto_adm.distrito (id_provincia,id_canton,id_distrito,nombre) values (2,5,5,'Concepción');
insert into proyecto_adm.distrito (id_provincia,id_canton,id_distrito,nombre) values (2,5,6,'San José');
insert into proyecto_adm.distrito (id_provincia,id_canton,id_distrito,nombre) values (2,5,7,'Santa Eulalia');
insert into proyecto_adm.canton (id_provincia,id_canton,nombre) values (2,6,'Naranjo');
insert into proyecto_adm.distrito (id_provincia,id_canton,id_distrito,nombre) values (2,6,1,'Naranjo');
insert into proyecto_adm.distrito (id_provincia,id_canton,id_distrito,nombre) values (2,6,2,'San Miguel');
insert into proyecto_adm.distrito (id_provincia,id_canton,id_distrito,nombre) values (2,6,3,'San José');
insert into proyecto_adm.distrito (id_provincia,id_canton,id_distrito,nombre) values (2,6,4,'Cirrí Sur');
insert into proyecto_adm.distrito (id_provincia,id_canton,id_distrito,nombre) values (2,6,5,'Cirrí Norte');
insert into proyecto_adm.distrito (id_provincia,id_canton,id_distrito,nombre) values (2,6,6,'San Jerónimo');
insert into proyecto_adm.canton (id_provincia,id_canton,nombre) values (2,7,'Palmares');
insert into proyecto_adm.distrito (id_provincia,id_canton,id_distrito,nombre) values (2,7,1,'Palmares');
insert into proyecto_adm.distrito (id_provincia,id_canton,id_distrito,nombre) values (2,7,2,'Zarcero');
insert into proyecto_adm.distrito (id_provincia,id_canton,id_distrito,nombre) values (2,7,3,'Buenavista');
insert into proyecto_adm.distrito (id_provincia,id_canton,id_distrito,nombre) values (2,7,4,'Sarchí Norte');
insert into proyecto_adm.distrito (id_provincia,id_canton,id_distrito,nombre) values (2,7,5,'Sarchí Sur');
insert into proyecto_adm.distrito (id_provincia,id_canton,id_distrito,nombre) values (2,7,6,'San Pedro');
insert into proyecto_adm.canton (id_provincia,id_canton,nombre) values (2,8,'Poás');
insert into proyecto_adm.distrito (id_provincia,id_canton,id_distrito,nombre) values (2,8,1,'San Pedro');
insert into proyecto_adm.distrito (id_provincia,id_canton,id_distrito,nombre) values (2,8,2,'San Juan');
insert into proyecto_adm.distrito (id_provincia,id_canton,id_distrito,nombre) values (2,8,3,'San Rafael');
insert into proyecto_adm.distrito (id_provincia,id_canton,id_distrito,nombre) values (2,8,4,'Carrillos');
insert into proyecto_adm.distrito (id_provincia,id_canton,id_distrito,nombre) values (2,8,5,'Sabana Redonda');
insert into proyecto_adm.canton (id_provincia,id_canton,nombre) values (2,9,'Orotina');
insert into proyecto_adm.distrito (id_provincia,id_canton,id_distrito,nombre) values (2,9,1,'Orotina');
insert into proyecto_adm.distrito (id_provincia,id_canton,id_distrito,nombre) values (2,9,2,'El Mastate');
insert into proyecto_adm.distrito (id_provincia,id_canton,id_distrito,nombre) values (2,9,3,'Hacienda Vieja');
insert into proyecto_adm.canton (id_provincia,id_canton,nombre) values (2,10,'San Carlos');
insert into proyecto_adm.distrito (id_provincia,id_canton,id_distrito,nombre) values (2,10,1,'Ciudad Quesada');
insert into proyecto_adm.distrito (id_provincia,id_canton,id_distrito,nombre) values (2,10,2,'Aguas Zarcas');
insert into proyecto_adm.distrito (id_provincia,id_canton,id_distrito,nombre) values (2,10,3,'Fortuna');
insert into proyecto_adm.distrito (id_provincia,id_canton,id_distrito,nombre) values (2,10,4,'La Tigra');
insert into proyecto_adm.distrito (id_provincia,id_canton,id_distrito,nombre) values (2,10,5,'La Fortuna');
insert into proyecto_adm.distrito (id_provincia,id_canton,id_distrito,nombre) values (2,10,6,'Venado');
insert into proyecto_adm.distrito (id_provincia,id_canton,id_distrito,nombre) values (2,10,7,'Monterrey');
insert into proyecto_adm.distrito (id_provincia,id_canton,id_distrito,nombre) values (2,10,8,'Pocosol');
insert into proyecto_adm.distrito (id_provincia,id_canton,id_distrito,nombre) values (2,10,9,'Pital');
insert into proyecto_adm.canton (id_provincia,id_canton,nombre) values (2,11,'Zarcero');
insert into proyecto_adm.distrito (id_provincia,id_canton,id_distrito,nombre) values (2,11,1,'Zarcero');
insert into proyecto_adm.distrito (id_provincia,id_canton,id_distrito,nombre) values (2,11,2,'Laguna');
insert into proyecto_adm.distrito (id_provincia,id_canton,id_distrito,nombre) values (2,11,3,'Tapezco');
insert into proyecto_adm.distrito (id_provincia,id_canton,id_distrito,nombre) values (2,11,4,'Palmira');
insert into proyecto_adm.canton (id_provincia,id_canton,nombre) values (2,12,'Valverde Vega');
insert into proyecto_adm.distrito (id_provincia,id_canton,id_distrito,nombre) values (2,12,1,'Sarchí Norte');
insert into proyecto_adm.distrito (id_provincia,id_canton,id_distrito,nombre) values (2,12,2,'Sarchí Sur');
insert into proyecto_adm.distrito (id_provincia,id_canton,id_distrito,nombre) values (2,12,3,'Toro Amarillo');
insert into proyecto_adm.distrito (id_provincia,id_canton,id_distrito,nombre) values (2,12,4,'Rinc. Toro Amarillo');
insert into proyecto_adm.distrito (id_provincia,id_canton,id_distrito,nombre) values (2,12,5,'San Pedro');
insert into proyecto_adm.canton (id_provincia,id_canton,nombre) values (2,13,'Upala');
insert into proyecto_adm.distrito (id_provincia,id_canton,id_distrito,nombre) values (2,13,1,'Upala');
insert into proyecto_adm.distrito (id_provincia,id_canton,id_distrito,nombre) values (2,13,2,'San José');
insert into proyecto_adm.distrito (id_provincia,id_canton,id_distrito,nombre) values (2,13,3,'Zapote');
insert into proyecto_adm.distrito (id_provincia,id_canton,id_distrito,nombre) values (2,13,4,'Yolillal');
insert into proyecto_adm.canton (id_provincia,id_canton,nombre) values (2,14,'Los Chiles');
insert into proyecto_adm.distrito (id_provincia,id_canton,id_distrito,nombre) values (2,14,1,'Los Chiles');
insert into proyecto_adm.distrito (id_provincia,id_canton,id_distrito,nombre) values (2,14,2,'Caño Negro');
insert into proyecto_adm.distrito (id_provincia,id_canton,id_distrito,nombre) values (2,14,3,'El Amparo');
insert into proyecto_adm.canton (id_provincia,id_canton,nombre) values (2,15,'Cantón de Guatuso:');
insert into proyecto_adm.distrito (id_provincia,id_canton,id_distrito,nombre) values (2,15,1,'San Rafael');
insert into proyecto_adm.distrito (id_provincia,id_canton,id_distrito,nombre) values (2,15,2,'San José');
insert into proyecto_adm.distrito (id_provincia,id_canton,id_distrito,nombre) values (2,15,3,'Santa Rosa');
insert into proyecto_adm.distrito (id_provincia,id_canton,id_distrito,nombre) values (2,15,4,'Cote');
insert into proyecto_adm.provincia (id_provincia,nombre) values (3,'Cartago');
insert into proyecto_adm.canton (id_provincia,id_canton,nombre) values (3,1,'Cartago');
insert into proyecto_adm.distrito (id_provincia,id_canton,id_distrito,nombre) values (3,1,1,'Cartago');
insert into proyecto_adm.distrito (id_provincia,id_canton,id_distrito,nombre) values (3,1,2,'Agua Caliente');
insert into proyecto_adm.distrito (id_provincia,id_canton,id_distrito,nombre) values (3,1,3,'Guadalupe');
insert into proyecto_adm.distrito (id_provincia,id_canton,id_distrito,nombre) values (3,1,4,'Corralillo');
insert into proyecto_adm.distrito (id_provincia,id_canton,id_distrito,nombre) values (3,1,5,'Tierra Blanca');
insert into proyecto_adm.distrito (id_provincia,id_canton,id_distrito,nombre) values (3,1,6,'Cervantes');
insert into proyecto_adm.distrito (id_provincia,id_canton,id_distrito,nombre) values (3,1,7,'Pacayas');
insert into proyecto_adm.distrito (id_provincia,id_canton,id_distrito,nombre) values (3,1,8,'Capellades');
insert into proyecto_adm.canton (id_provincia,id_canton,nombre) values (3,2,'Paraíso');
insert into proyecto_adm.distrito (id_provincia,id_canton,id_distrito,nombre) values (3,2,1,'Paraíso');
insert into proyecto_adm.distrito (id_provincia,id_canton,id_distrito,nombre) values (3,2,2,'Santiago');
insert into proyecto_adm.distrito (id_provincia,id_canton,id_distrito,nombre) values (3,2,3,'Orosi');
insert into proyecto_adm.distrito (id_provincia,id_canton,id_distrito,nombre) values (3,2,4,'Cachí');
insert into proyecto_adm.distrito (id_provincia,id_canton,id_distrito,nombre) values (3,2,5,'Llanos Santa Lucía');
insert into proyecto_adm.canton (id_provincia,id_canton,nombre) values (3,3,'La Unión');
insert into proyecto_adm.distrito (id_provincia,id_canton,id_distrito,nombre) values (3,3,1,'Tres Ríos');
insert into proyecto_adm.distrito (id_provincia,id_canton,id_distrito,nombre) values (3,3,2,'San Diego');
insert into proyecto_adm.distrito (id_provincia,id_canton,id_distrito,nombre) values (3,3,3,'San Juan');
insert into proyecto_adm.distrito (id_provincia,id_canton,id_distrito,nombre) values (3,3,4,'San Rafael');
insert into proyecto_adm.distrito (id_provincia,id_canton,id_distrito,nombre) values (3,3,5,'Concepción');
insert into proyecto_adm.distrito (id_provincia,id_canton,id_distrito,nombre) values (3,3,6,'Dulce Nombre');
insert into proyecto_adm.distrito (id_provincia,id_canton,id_distrito,nombre) values (3,3,7,'San Ramón');
insert into proyecto_adm.distrito (id_provincia,id_canton,id_distrito,nombre) values (3,3,8,'Río Azul');
insert into proyecto_adm.canton (id_provincia,id_canton,nombre) values (3,4,'Jiménez');
insert into proyecto_adm.distrito (id_provincia,id_canton,id_distrito,nombre) values (3,4,1,'Juan Viñas');
insert into proyecto_adm.distrito (id_provincia,id_canton,id_distrito,nombre) values (3,4,2,'Tucurrique');
insert into proyecto_adm.distrito (id_provincia,id_canton,id_distrito,nombre) values (3,4,3,'Pejibaye');
insert into proyecto_adm.canton (id_provincia,id_canton,nombre) values (3,5,'Turrialba');
insert into proyecto_adm.distrito (id_provincia,id_canton,id_distrito,nombre) values (3,5,1,'Turrialba');
insert into proyecto_adm.distrito (id_provincia,id_canton,id_distrito,nombre) values (3,5,2,'La Suiza');
insert into proyecto_adm.distrito (id_provincia,id_canton,id_distrito,nombre) values (3,5,3,'Peralta');
insert into proyecto_adm.distrito (id_provincia,id_canton,id_distrito,nombre) values (3,5,4,'Santa Teresita');
insert into proyecto_adm.distrito (id_provincia,id_canton,id_distrito,nombre) values (3,5,5,'Pavones');
insert into proyecto_adm.distrito (id_provincia,id_canton,id_distrito,nombre) values (3,5,6,'Tuis');
insert into proyecto_adm.distrito (id_provincia,id_canton,id_distrito,nombre) values (3,5,7,'Tayutic');
insert into proyecto_adm.distrito (id_provincia,id_canton,id_distrito,nombre) values (3,5,8,'Santa Rosa');
insert into proyecto_adm.distrito (id_provincia,id_canton,id_distrito,nombre) values (3,5,9,'Tres Equis');
insert into proyecto_adm.canton (id_provincia,id_canton,nombre) values (3,6,'Alvarado');
insert into proyecto_adm.distrito (id_provincia,id_canton,id_distrito,nombre) values (3,6,1,'Pacayas');
insert into proyecto_adm.distrito (id_provincia,id_canton,id_distrito,nombre) values (3,6,2,'Cervantes');
insert into proyecto_adm.distrito (id_provincia,id_canton,id_distrito,nombre) values (3,6,3,'Capellades');
insert into proyecto_adm.canton (id_provincia,id_canton,nombre) values (3,7,'Oreamuno');
insert into proyecto_adm.distrito (id_provincia,id_canton,id_distrito,nombre) values (3,7,1,'San Rafael');
insert into proyecto_adm.distrito (id_provincia,id_canton,id_distrito,nombre) values (3,7,2,'Cervantes');
insert into proyecto_adm.distrito (id_provincia,id_canton,id_distrito,nombre) values (3,7,3,'San Pablo');
insert into proyecto_adm.distrito (id_provincia,id_canton,id_distrito,nombre) values (3,7,4,'San Isidro');
insert into proyecto_adm.distrito (id_provincia,id_canton,id_distrito,nombre) values (3,7,5,'San José');
insert into proyecto_adm.canton (id_provincia,id_canton,nombre) values (3,8,'El Guarco');
insert into proyecto_adm.distrito (id_provincia,id_canton,id_distrito,nombre) values (3,8,1,'El Tejar');
insert into proyecto_adm.distrito (id_provincia,id_canton,id_distrito,nombre) values (3,8,2,'San Isidro');
insert into proyecto_adm.distrito (id_provincia,id_canton,id_distrito,nombre) values (3,8,3,'Tobosi');
insert into proyecto_adm.distrito (id_provincia,id_canton,id_distrito,nombre) values (3,8,4,'Patio de Agua');
insert into proyecto_adm.provincia (id_provincia,nombre) values (4,'Heredia');
insert into proyecto_adm.canton (id_provincia,id_canton,nombre) values (4,1,'Heredia');
insert into proyecto_adm.distrito (id_provincia,id_canton,id_distrito,nombre) values (4,1,1,'Heredia');
insert into proyecto_adm.distrito (id_provincia,id_canton,id_distrito,nombre) values (4,1,2,'Mercedes');
insert into proyecto_adm.distrito (id_provincia,id_canton,id_distrito,nombre) values (4,1,3,'San Francisco');
insert into proyecto_adm.distrito (id_provincia,id_canton,id_distrito,nombre) values (4,1,4,'Ulloa');
insert into proyecto_adm.distrito (id_provincia,id_canton,id_distrito,nombre) values (4,1,5,'Varablanca');
insert into proyecto_adm.canton (id_provincia,id_canton,nombre) values (4,2,'Barva');
insert into proyecto_adm.distrito (id_provincia,id_canton,id_distrito,nombre) values (4,2,1,'Barva');
insert into proyecto_adm.distrito (id_provincia,id_canton,id_distrito,nombre) values (4,2,2,'San Pedro');
insert into proyecto_adm.distrito (id_provincia,id_canton,id_distrito,nombre) values (4,2,3,'San Pablo');
insert into proyecto_adm.distrito (id_provincia,id_canton,id_distrito,nombre) values (4,2,4,'San Roque');
insert into proyecto_adm.distrito (id_provincia,id_canton,id_distrito,nombre) values (4,2,5,'Santa Lucía');
insert into proyecto_adm.canton (id_provincia,id_canton,nombre) values (4,3,'Santo Domingo');
insert into proyecto_adm.distrito (id_provincia,id_canton,id_distrito,nombre) values (4,3,1,'Santo Domingo');
insert into proyecto_adm.distrito (id_provincia,id_canton,id_distrito,nombre) values (4,3,2,'San Vicente');
insert into proyecto_adm.distrito (id_provincia,id_canton,id_distrito,nombre) values (4,3,3,'San Miguel');
insert into proyecto_adm.distrito (id_provincia,id_canton,id_distrito,nombre) values (4,3,4,'Paracito');
insert into proyecto_adm.distrito (id_provincia,id_canton,id_distrito,nombre) values (4,3,5,'Santo Tomás');
insert into proyecto_adm.canton (id_provincia,id_canton,nombre) values (4,4,'Santa Bárbara');
insert into proyecto_adm.distrito (id_provincia,id_canton,id_distrito,nombre) values (4,4,1,'Santa Bárbara');
insert into proyecto_adm.distrito (id_provincia,id_canton,id_distrito,nombre) values (4,4,2,'San Pedro');
insert into proyecto_adm.distrito (id_provincia,id_canton,id_distrito,nombre) values (4,4,3,'San Juan');
insert into proyecto_adm.distrito (id_provincia,id_canton,id_distrito,nombre) values (4,4,4,'Jesús');
insert into proyecto_adm.distrito (id_provincia,id_canton,id_distrito,nombre) values (4,4,5,'Santo Domingo');
insert into proyecto_adm.distrito (id_provincia,id_canton,id_distrito,nombre) values (4,4,6,'Purabá');
insert into proyecto_adm.canton (id_provincia,id_canton,nombre) values (4,5,'San Rafael');
insert into proyecto_adm.distrito (id_provincia,id_canton,id_distrito,nombre) values (4,5,1,'San Rafael');
insert into proyecto_adm.distrito (id_provincia,id_canton,id_distrito,nombre) values (4,5,2,'San Josecito');
insert into proyecto_adm.distrito (id_provincia,id_canton,id_distrito,nombre) values (4,5,3,'Santiago');
insert into proyecto_adm.distrito (id_provincia,id_canton,id_distrito,nombre) values (4,5,4,'Ángeles');
insert into proyecto_adm.distrito (id_provincia,id_canton,id_distrito,nombre) values (4,5,5,'Concepción');
insert into proyecto_adm.canton (id_provincia,id_canton,nombre) values (4,6,'San Isidro');
insert into proyecto_adm.distrito (id_provincia,id_canton,id_distrito,nombre) values (4,6,1,'San Isidro');
insert into proyecto_adm.distrito (id_provincia,id_canton,id_distrito,nombre) values (4,6,2,'San José');
insert into proyecto_adm.distrito (id_provincia,id_canton,id_distrito,nombre) values (4,6,3,'Concepción');
insert into proyecto_adm.distrito (id_provincia,id_canton,id_distrito,nombre) values (4,6,4,'San Francisco');
insert into proyecto_adm.canton (id_provincia,id_canton,nombre) values (4,7,'Belén');
insert into proyecto_adm.distrito (id_provincia,id_canton,id_distrito,nombre) values (4,7,1,'San Antonio');
insert into proyecto_adm.distrito (id_provincia,id_canton,id_distrito,nombre) values (4,7,2,'La Ribera');
insert into proyecto_adm.distrito (id_provincia,id_canton,id_distrito,nombre) values (4,7,3,'La Asunción');
insert into proyecto_adm.canton (id_provincia,id_canton,nombre) values (4,8,'Flores');
insert into proyecto_adm.distrito (id_provincia,id_canton,id_distrito,nombre) values (4,8,1,'San Joaquín');
insert into proyecto_adm.distrito (id_provincia,id_canton,id_distrito,nombre) values (4,8,2,'Barrantes');
insert into proyecto_adm.distrito (id_provincia,id_canton,id_distrito,nombre) values (4,8,3,'Llorente');
insert into proyecto_adm.provincia (id_provincia,nombre) values (5,'Guanacaste');
insert into proyecto_adm.canton (id_provincia,id_canton,nombre) values (5,1,'Liberia');
insert into proyecto_adm.distrito (id_provincia,id_canton,id_distrito,nombre) values (5,1,1,'Liberia');
insert into proyecto_adm.distrito (id_provincia,id_canton,id_distrito,nombre) values (5,1,2,'Cañas Dulces');
insert into proyecto_adm.distrito (id_provincia,id_canton,id_distrito,nombre) values (5,1,3,'Mayorga');
insert into proyecto_adm.distrito (id_provincia,id_canton,id_distrito,nombre) values (5,1,4,'Nacascolo');
insert into proyecto_adm.distrito (id_provincia,id_canton,id_distrito,nombre) values (5,1,5,'Curubandé');
insert into proyecto_adm.canton (id_provincia,id_canton,nombre) values (5,2,'Nicoya');
insert into proyecto_adm.distrito (id_provincia,id_canton,id_distrito,nombre) values (5,2,1,'Nicoya');
insert into proyecto_adm.distrito (id_provincia,id_canton,id_distrito,nombre) values (5,2,2,'Mansión');
insert into proyecto_adm.distrito (id_provincia,id_canton,id_distrito,nombre) values (5,2,3,'San Antonio');
insert into proyecto_adm.distrito (id_provincia,id_canton,id_distrito,nombre) values (5,2,4,'Quebrada Honda');
insert into proyecto_adm.distrito (id_provincia,id_canton,id_distrito,nombre) values (5,2,5,'Sámara');
insert into proyecto_adm.distrito (id_provincia,id_canton,id_distrito,nombre) values (5,2,6,'Nosara');
insert into proyecto_adm.distrito (id_provincia,id_canton,id_distrito,nombre) values (5,2,7,'Belén de Nosarita');
insert into proyecto_adm.canton (id_provincia,id_canton,nombre) values (5,3,'Santa Cruz');
insert into proyecto_adm.distrito (id_provincia,id_canton,id_distrito,nombre) values (5,3,1,'Santa Cruz');
insert into proyecto_adm.distrito (id_provincia,id_canton,id_distrito,nombre) values (5,3,2,'Bolsón');
insert into proyecto_adm.distrito (id_provincia,id_canton,id_distrito,nombre) values (5,3,3,'Veintisiete de Abril');
insert into proyecto_adm.distrito (id_provincia,id_canton,id_distrito,nombre) values (5,3,4,'Tempate');
insert into proyecto_adm.distrito (id_provincia,id_canton,id_distrito,nombre) values (5,3,5,'Cartagena');
insert into proyecto_adm.distrito (id_provincia,id_canton,id_distrito,nombre) values (5,3,6,'Cuajiniquil');
insert into proyecto_adm.distrito (id_provincia,id_canton,id_distrito,nombre) values (5,3,7,'Diría');
insert into proyecto_adm.distrito (id_provincia,id_canton,id_distrito,nombre) values (5,3,8,'Cabo Velas');
insert into proyecto_adm.distrito (id_provincia,id_canton,id_distrito,nombre) values (5,3,9,'Tamarindo');
insert into proyecto_adm.canton (id_provincia,id_canton,nombre) values (5,4,'Bagaces');
insert into proyecto_adm.distrito (id_provincia,id_canton,id_distrito,nombre) values (5,4,1,'Bagaces');
insert into proyecto_adm.distrito (id_provincia,id_canton,id_distrito,nombre) values (5,4,2,'La Fortuna');
insert into proyecto_adm.distrito (id_provincia,id_canton,id_distrito,nombre) values (5,4,3,'Mogote');
insert into proyecto_adm.distrito (id_provincia,id_canton,id_distrito,nombre) values (5,4,4,'Río Naranjo');
insert into proyecto_adm.canton (id_provincia,id_canton,nombre) values (5,5,'Carrillo');
insert into proyecto_adm.distrito (id_provincia,id_canton,id_distrito,nombre) values (5,5,1,'Filadelfia');
insert into proyecto_adm.distrito (id_provincia,id_canton,id_distrito,nombre) values (5,5,2,'Palmira');
insert into proyecto_adm.distrito (id_provincia,id_canton,id_distrito,nombre) values (5,5,3,'Sardinal');
insert into proyecto_adm.distrito (id_provincia,id_canton,id_distrito,nombre) values (5,5,4,'Belén');
insert into proyecto_adm.distrito (id_provincia,id_canton,id_distrito,nombre) values (5,5,5,'Santa Rosa');
insert into proyecto_adm.canton (id_provincia,id_canton,nombre) values (5,6,'Cañas');
insert into proyecto_adm.distrito (id_provincia,id_canton,id_distrito,nombre) values (5,6,1,'Cañas');
insert into proyecto_adm.distrito (id_provincia,id_canton,id_distrito,nombre) values (5,6,2,'Palmira');
insert into proyecto_adm.distrito (id_provincia,id_canton,id_distrito,nombre) values (5,6,3,'San Miguel');
insert into proyecto_adm.distrito (id_provincia,id_canton,id_distrito,nombre) values (5,6,4,'Bebedero');
insert into proyecto_adm.distrito (id_provincia,id_canton,id_distrito,nombre) values (5,6,5,'Porozal');
insert into proyecto_adm.distrito (id_provincia,id_canton,id_distrito,nombre) values (5,6,6,'La Fortuna');
insert into proyecto_adm.canton (id_provincia,id_canton,nombre) values (5,7,'Abangares');
insert into proyecto_adm.distrito (id_provincia,id_canton,id_distrito,nombre) values (5,7,1,'Las Juntas');
insert into proyecto_adm.distrito (id_provincia,id_canton,id_distrito,nombre) values (5,7,2,'Sierra');
insert into proyecto_adm.distrito (id_provincia,id_canton,id_distrito,nombre) values (5,7,3,'San Juan');
insert into proyecto_adm.distrito (id_provincia,id_canton,id_distrito,nombre) values (5,7,4,'Colorado');
insert into proyecto_adm.canton (id_provincia,id_canton,nombre) values (5,8,'Tilarán');
insert into proyecto_adm.distrito (id_provincia,id_canton,id_distrito,nombre) values (5,8,1,'Tilarán');
insert into proyecto_adm.distrito (id_provincia,id_canton,id_distrito,nombre) values (5,8,2,'Quebrada Grande');
insert into proyecto_adm.distrito (id_provincia,id_canton,id_distrito,nombre) values (5,8,3,'Tronadora');
insert into proyecto_adm.distrito (id_provincia,id_canton,id_distrito,nombre) values (5,8,4,'Santa Rosa');
insert into proyecto_adm.distrito (id_provincia,id_canton,id_distrito,nombre) values (5,8,5,'Libano');
insert into proyecto_adm.distrito (id_provincia,id_canton,id_distrito,nombre) values (5,8,6,'Tierras Morenas');
insert into proyecto_adm.canton (id_provincia,id_canton,nombre) values (5,9,'Nandayure');
insert into proyecto_adm.distrito (id_provincia,id_canton,id_distrito,nombre) values (5,9,1,'Carmona');
insert into proyecto_adm.distrito (id_provincia,id_canton,id_distrito,nombre) values (5,9,2,'Santa Rita');
insert into proyecto_adm.distrito (id_provincia,id_canton,id_distrito,nombre) values (5,9,3,'Zapotal');
insert into proyecto_adm.distrito (id_provincia,id_canton,id_distrito,nombre) values (5,9,4,'San Pablo');
insert into proyecto_adm.distrito (id_provincia,id_canton,id_distrito,nombre) values (5,9,5,'Porvenir');
insert into proyecto_adm.canton (id_provincia,id_canton,nombre) values (5,10,'La Cruz');
insert into proyecto_adm.distrito (id_provincia,id_canton,id_distrito,nombre) values (5,10,1,'La Cruz');
insert into proyecto_adm.distrito (id_provincia,id_canton,id_distrito,nombre) values (5,10,2,'Santa Cecilia');
insert into proyecto_adm.distrito (id_provincia,id_canton,id_distrito,nombre) values (5,10,3,'La Garita');
insert into proyecto_adm.distrito (id_provincia,id_canton,id_distrito,nombre) values (5,10,4,'Santa Elena');
insert into proyecto_adm.canton (id_provincia,id_canton,nombre) values (5,11,'Hojancha');
insert into proyecto_adm.distrito (id_provincia,id_canton,id_distrito,nombre) values (5,11,1,'Hojancha');
insert into proyecto_adm.distrito (id_provincia,id_canton,id_distrito,nombre) values (5,11,2,'Monte Romo');
insert into proyecto_adm.distrito (id_provincia,id_canton,id_distrito,nombre) values (5,11,3,'Puerto Carrillo');
insert into proyecto_adm.distrito (id_provincia,id_canton,id_distrito,nombre) values (5,11,4,'Huacas');
insert into proyecto_adm.provincia (id_provincia,nombre) values (6,'Puntarenas');
insert into proyecto_adm.canton (id_provincia,id_canton,nombre) values (6,1,'Puntarenas');
insert into proyecto_adm.distrito (id_provincia,id_canton,id_distrito,nombre) values (6,1,1,'Puntarenas');
insert into proyecto_adm.distrito (id_provincia,id_canton,id_distrito,nombre) values (6,1,2,'Chomes');
insert into proyecto_adm.distrito (id_provincia,id_canton,id_distrito,nombre) values (6,1,3,'Lepanto');
insert into proyecto_adm.distrito (id_provincia,id_canton,id_distrito,nombre) values (6,1,4,'Paquera');
insert into proyecto_adm.distrito (id_provincia,id_canton,id_distrito,nombre) values (6,1,5,'Manzanillo');
insert into proyecto_adm.distrito (id_provincia,id_canton,id_distrito,nombre) values (6,1,6,'Guacimal');
insert into proyecto_adm.distrito (id_provincia,id_canton,id_distrito,nombre) values (6,1,7,'Barranca');
insert into proyecto_adm.distrito (id_provincia,id_canton,id_distrito,nombre) values (6,1,8,'Rocafuerte');
insert into proyecto_adm.distrito (id_provincia,id_canton,id_distrito,nombre) values (6,1,9,'El Roble');
insert into proyecto_adm.distrito (id_provincia,id_canton,id_distrito,nombre) values (6,1,10,'Arancibia');
insert into proyecto_adm.canton (id_provincia,id_canton,nombre) values (6,2,'Esparza');
insert into proyecto_adm.distrito (id_provincia,id_canton,id_distrito,nombre) values (6,2,1,'Espíritu Santo');
insert into proyecto_adm.distrito (id_provincia,id_canton,id_distrito,nombre) values (6,2,2,'San Juan Grande');
insert into proyecto_adm.distrito (id_provincia,id_canton,id_distrito,nombre) values (6,2,3,'Macacona');
insert into proyecto_adm.distrito (id_provincia,id_canton,id_distrito,nombre) values (6,2,4,'San Rafael');
insert into proyecto_adm.distrito (id_provincia,id_canton,id_distrito,nombre) values (6,2,5,'San Jerónimo');
insert into proyecto_adm.canton (id_provincia,id_canton,nombre) values (6,3,'Buenos Aires');
insert into proyecto_adm.distrito (id_provincia,id_canton,id_distrito,nombre) values (6,3,1,'Buenos Aires');
insert into proyecto_adm.distrito (id_provincia,id_canton,id_distrito,nombre) values (6,3,2,'Volcán');
insert into proyecto_adm.distrito (id_provincia,id_canton,id_distrito,nombre) values (6,3,3,'Potrero Grande');
insert into proyecto_adm.distrito (id_provincia,id_canton,id_distrito,nombre) values (6,3,4,'Boruca');
insert into proyecto_adm.distrito (id_provincia,id_canton,id_distrito,nombre) values (6,3,5,'Pilas');
insert into proyecto_adm.canton (id_provincia,id_canton,nombre) values (6,4,'Montes de Oro');
insert into proyecto_adm.distrito (id_provincia,id_canton,id_distrito,nombre) values (6,4,1,'Miramar');
insert into proyecto_adm.distrito (id_provincia,id_canton,id_distrito,nombre) values (6,4,2,'La Unión');
insert into proyecto_adm.distrito (id_provincia,id_canton,id_distrito,nombre) values (6,4,3,'San Isidro');
insert into proyecto_adm.canton (id_provincia,id_canton,nombre) values (6,5,'Osa');
insert into proyecto_adm.distrito (id_provincia,id_canton,id_distrito,nombre) values (6,5,1,'Ciudad Cortés');
insert into proyecto_adm.distrito (id_provincia,id_canton,id_distrito,nombre) values (6,5,2,'Palmar');
insert into proyecto_adm.distrito (id_provincia,id_canton,id_distrito,nombre) values (6,5,3,'Sierpe');
insert into proyecto_adm.distrito (id_provincia,id_canton,id_distrito,nombre) values (6,5,4,'Bahía Ballena');
insert into proyecto_adm.distrito (id_provincia,id_canton,id_distrito,nombre) values (6,5,5,'Bahía Drake');
insert into proyecto_adm.canton (id_provincia,id_canton,nombre) values (6,6,'Golfito');
insert into proyecto_adm.distrito (id_provincia,id_canton,id_distrito,nombre) values (6,6,1,'Golfito');
insert into proyecto_adm.distrito (id_provincia,id_canton,id_distrito,nombre) values (6,6,2,'Puerto Jiménez');
insert into proyecto_adm.distrito (id_provincia,id_canton,id_distrito,nombre) values (6,6,3,'Guaycará');
insert into proyecto_adm.distrito (id_provincia,id_canton,id_distrito,nombre) values (6,6,4,'Pavón');
insert into proyecto_adm.canton (id_provincia,id_canton,nombre) values (6,7,'Coto Brus');
insert into proyecto_adm.distrito (id_provincia,id_canton,id_distrito,nombre) values (6,7,1,'San Vito');
insert into proyecto_adm.distrito (id_provincia,id_canton,id_distrito,nombre) values (6,7,2,'Sábalo');
insert into proyecto_adm.distrito (id_provincia,id_canton,id_distrito,nombre) values (6,7,3,'Agua Buena');
insert into proyecto_adm.distrito (id_provincia,id_canton,id_distrito,nombre) values (6,7,4,'Limoncito');
insert into proyecto_adm.distrito (id_provincia,id_canton,id_distrito,nombre) values (6,7,5,'Pittier');
insert into proyecto_adm.canton (id_provincia,id_canton,nombre) values (6,8,'Parrita');
insert into proyecto_adm.distrito (id_provincia,id_canton,id_distrito,nombre) values (6,8,1,'Parrita');
insert into proyecto_adm.canton (id_provincia,id_canton,nombre) values (6,9,'Corredores');
insert into proyecto_adm.distrito (id_provincia,id_canton,id_distrito,nombre) values (6,9,1,'Corredor');
insert into proyecto_adm.distrito (id_provincia,id_canton,id_distrito,nombre) values (6,9,2,'La Cuesta');
insert into proyecto_adm.distrito (id_provincia,id_canton,id_distrito,nombre) values (6,9,3,'Paso Canoas');
insert into proyecto_adm.canton (id_provincia,id_canton,nombre) values (6,10,'Garabito');
insert into proyecto_adm.distrito (id_provincia,id_canton,id_distrito,nombre) values (6,10,1,'Jacó');
insert into proyecto_adm.distrito (id_provincia,id_canton,id_distrito,nombre) values (6,10,2,'Tárcoles');
insert into proyecto_adm.provincia (id_provincia,nombre) values (7,'Limón');
insert into proyecto_adm.canton (id_provincia,id_canton,nombre) values (7,1,'Limón');
insert into proyecto_adm.distrito (id_provincia,id_canton,id_distrito,nombre) values (7,1,1,'Limón');
insert into proyecto_adm.distrito (id_provincia,id_canton,id_distrito,nombre) values (7,1,2,'Valle La Estrella');
insert into proyecto_adm.distrito (id_provincia,id_canton,id_distrito,nombre) values (7,1,3,'Río Blanco');
insert into proyecto_adm.distrito (id_provincia,id_canton,id_distrito,nombre) values (7,1,4,'Matama');
insert into proyecto_adm.canton (id_provincia,id_canton,nombre) values (7,2,'Pococí');
insert into proyecto_adm.distrito (id_provincia,id_canton,id_distrito,nombre) values (7,2,1,'Guápiles');
insert into proyecto_adm.distrito (id_provincia,id_canton,id_distrito,nombre) values (7,2,2,'Jiménez');
insert into proyecto_adm.distrito (id_provincia,id_canton,id_distrito,nombre) values (7,2,3,'La Rita');
insert into proyecto_adm.distrito (id_provincia,id_canton,id_distrito,nombre) values (7,2,4,'Roxana');
insert into proyecto_adm.distrito (id_provincia,id_canton,id_distrito,nombre) values (7,2,5,'Cariari');
insert into proyecto_adm.canton (id_provincia,id_canton,nombre) values (7,3,'Siquirres');
insert into proyecto_adm.distrito (id_provincia,id_canton,id_distrito,nombre) values (7,3,1,'Siquirres');
insert into proyecto_adm.distrito (id_provincia,id_canton,id_distrito,nombre) values (7,3,2,'Pacuarito');
insert into proyecto_adm.distrito (id_provincia,id_canton,id_distrito,nombre) values (7,3,3,'Florida');
insert into proyecto_adm.distrito (id_provincia,id_canton,id_distrito,nombre) values (7,3,4,'Germania');
insert into proyecto_adm.distrito (id_provincia,id_canton,id_distrito,nombre) values (7,3,5,'Cairo');
insert into proyecto_adm.canton (id_provincia,id_canton,nombre) values (7,4,'Talamanca');
insert into proyecto_adm.distrito (id_provincia,id_canton,id_distrito,nombre) values (7,4,1,'Bratsi');
insert into proyecto_adm.distrito (id_provincia,id_canton,id_distrito,nombre) values (7,4,2,'Sixaola');
insert into proyecto_adm.distrito (id_provincia,id_canton,id_distrito,nombre) values (7,4,3,'Cahuita');
insert into proyecto_adm.distrito (id_provincia,id_canton,id_distrito,nombre) values (7,4,4,'Telire');
insert into proyecto_adm.canton (id_provincia,id_canton,nombre) values (7,5,'Matina');
insert into proyecto_adm.distrito (id_provincia,id_canton,id_distrito,nombre) values (7,5,1,'Matina');
insert into proyecto_adm.distrito (id_provincia,id_canton,id_distrito,nombre) values (7,5,2,'Batán');
insert into proyecto_adm.distrito (id_provincia,id_canton,id_distrito,nombre) values (7,5,3,'Carrandi');
insert into proyecto_adm.canton (id_provincia,id_canton,nombre) values (7,6,'Guácimo');
insert into proyecto_adm.distrito (id_provincia,id_canton,id_distrito,nombre) values (7,6,1,'Guácimo');
insert into proyecto_adm.distrito (id_provincia,id_canton,id_distrito,nombre) values (7,6,2,'Mercedes');
insert into proyecto_adm.distrito (id_provincia,id_canton,id_distrito,nombre) values (7,6,3,'Pocora');
insert into proyecto_adm.distrito (id_provincia,id_canton,id_distrito,nombre) values (7,6,4,'Río Jiménez');
insert into proyecto_adm.distrito (id_provincia,id_canton,id_distrito,nombre) values (7,6,5,'Duacarí');

